ID,class,Y
EX001,VOL,0
EX002,VOL,0
EX003,VOL,0
EX004,VOL,0
EX005,VOL,0
EX006,VOL,0
EX007,VOL,0
EX008,VOL,0
EX009,VOL,0
EX010,VOL,0
EX011,VOL,0
EX012,VOL,0
EX013,VOL,0
EX014,VOL,0
EX015,VOL,0
EX016,VOL,0
EX017,VOL,0
EX018,VOL,0
EX019,VOL,0
EX020,VOL,0
EX021,VOL,0
EX022,VOL,0
EX023,VOL,0
EX024,VOL,0
EX025,VOL,0
EX026,VOL,0
EX027,VOL,0
EX028,VOL,0
EX029,VOL,0
EX030,VOL,0
EX031,VOL,0
EX032,VOL,0
EX033,VOL,0
EX034,VOL,0
EX035,VOL,0
EX036,VOL,0
EX037,VOL,0
EX038,VOL,0
EX039,VOL,0
EX040,VOL,0
EX041,VOL,0
EX042,VOL,0
EX043,VOL,0
EX044,VOL,0
EX045,VOL,0
EX046,VOL,0
EX047,VOL,0
EX048,VOL,0
EX049,VOL,0
EX050,VOL,0
EX051,VOL,0
EX052,VOL,0
EX053,VOL,0
EX054,VOL,0
EX055,VOL,0
EX056,VOL,0
EX057,VOL,0
EX058,VOL,0
EX059,VOL,0
EX060,VOL,0
EX061,VOL,0
EX062,VOL,0
EX063,VOL,0
EX064,VOL,0
EX065,VOL,0
EX066,VOL,0
EX067,VOL,0
EX068,VOL,0
EX069,VOL,0
EX070,VOL,0
EX071,VOL,0
EX072,VOL,0
EX073,VOL,0
EX074,VOL,0
EX075,VOL,0
EX076,VOL,0
EX077,VOL,0
EX078,VOL,0
EX079,VOL,0
EX080,VOL,0
EX081,VOL,0
EX082,VOL,0
EX083,VOL,0
EX084,VOL,0
EX085,VOL,0
EX086,VOL,0
EX087,VOL,0
EX088,VOL,0
EX089,VOL,0
EX090,VOL,0
EX091,VOL,0
EX092,VOL,0
EX093,VOL,0
EX094,VOL,0
EX095,VOL,0
EX096,VOL,0
EX097,PC,1
EX098,PC,1
EX099,PC,1
EX100,VOL,0
EX101,PC,1
EX102,PC,1
EX103,PC,1
EX104,VOL,0
EX105,PC,1
EX106,PC,1
EX107,PC,1
EX108,PC,1
EX109,PC,1
EX110,PC,1
EX111,PC,1
EX112,PC,1
EX113,PC,1
EX114,PC,1
EX115,PC,1
EX116,PC,1
EX117,PC,1
EX118,BC,1
EX119,BC,1
EX120,PC,1
EX121,PC,1
EX122,BC,1
EX123,BC,1
EX124,PC,1
EX125,PC,1
EX126,BC,1
EX127,BC,1
EX128,PC,1
EX129,PC,1
EX130,BC,1
EX131,BC,1
EX132,PC,1
EX133,PC,1
EX134,BC,1
EX135,BC,1
EX136,PC,1
EX137,BC,1
EX138,BC,1
EX139,BC,1
EX140,BC,1
EX141,BC,1
EX142,BC,1
EX143,BC,1
EX144,BC,1
EX145,BC,1
EX146,BC,1
EX147,BC,1
EX148,BC,1
EX149,BC,1
EX150,BC,1
EX151,BC,1
EX152,BC,1
EX153,BC,1
EX154,BC,1
EX155,BC,1
EX156,BC,1
EX157,BC,1
EX158,BC,1
EX159,BC,1
EX160,BC,1
EX161,BC,1
EX162,BC,1
EX163,BC,1
EX164,BC,1
EX165,PC,1
EX166,PC,1
EX167,PC,1
EX168,BC,1
EX169,PC,1
EX170,PC,1
EX171,PC,1
EX172,BC,1
EX173,PC,1
EX174,PC,1
EX175,PC,1
EX176,BC,1
EX177,PC,1
EX178,PC,1
EX179,PC,1
EX180,BC,1
EX181,PC,1
EX182,PC,1
EX183,PC,1
EX184,BC,1
EX185,PC,1
EX186,PC,1
EX187,PC,1
EX188,PC,1
EX189,PC,1
EX190,BD,0
EX191,BD,0
EX192,PC,1
EX193,PC,1
EX194,BD,0
EX195,BD,0
EX196,PC,1
EX197,PC,1
EX198,BD,0
EX199,BD,0
EX200,PC,1
EX201,PC,1
EX202,BD,0
EX203,BD,0
EX204,PC,1
EX205,PC,1
EX206,BD,0
EX207,BD,0
EX208,BD,0
EX209,BD,0
EX210,BD,0
EX211,CC,
EX212,BD,0
EX213,BD,0
EX214,BD,0
EX215,CC,
EX216,BD,0
EX217,BD,0
EX218,BD,0
EX219,CC,
EX220,BD,0
EX221,BD,0
EX222,BD,0
EX223,CC,
EX224,BD,0
EX225,BD,0
EX226,BD,0
EX227,CC,
EX228,BD,0
EX229,BD,0
EX230,BD,0
EX231,CC,
EX232,CC,
EX233,CC,
EX234,CC,
EX235,CC,
EX236,CC,
EX237,CC,
EX238,CC,
EX239,CC,
EX240,CC,
EX241,CC,
EX242,CC,
EX243,CC,
EX244,CC,
EX245,CC,
EX246,CC,
EX247,CC,
EX248,CC,
EX249,CC,
EX250,CC,
EX251,CC,
EX252,CC,
EX253,CC,
EX254,CC,
EX255,CC,
EX256,CC,
EX257,SC,
EX258,SC,
EX259,SC,
EX260,CC,
EX261,SC,
EX262,SC,
EX263,SC,
EX264,CC,
EX265,SC,
EX266,SC,
EX267,SC,
EX268,CC,
EX269,SC,
EX270,SC,
EX271,CC,
EX272,SC,
EX273,SC,
EX274,SC,
EX275,SC,
EX276,SC,
EX277,SC,
EX278,SC,
EX279,SC,
EX280,SC,
EX281,EC,
EX282,SC,
EX283,SC,
EX284,SC,
EX285,EC,
EX286,SC,
EX287,SC,
EX288,SC,
EX289,EC,
EX290,SC,
EX291,SC,
EX292,SC,
EX293,EC,
EX294,SC,
EX295,SC,
EX296,EC,
EX297,EC,
EX298,SC,
EX299,SC,
EX300,EC,
EX301,EC,
EX302,EC,
EX303,HC,
EX304,EC,
EX305,HC,
EX306,HC,
EX307,HC,
EX308,PC,1
EX309,HC,
EX310,HC,
EX311,HC,
EX312,HC,
EX313,HC,
EX314,HC,
EX315,VOL,0
EX316,BD,0
EX317,VOL,0
EX318,PC,1
EX319,SC,
EX320,PC,1
EX321,BD,0
EX322,PC,1
EX323,PC,1
EX324,SC,
